symbol,number,year,category,situation,source_file,source_type,claimed_ref,located_ref,match_score,screen_status,adjudication,note,inherited_excerpt,un_record,pdf
S/RES/1291,1291,2000,Mission Mandate,DRC,1291.txt,extracted text,7(g),7,0.85,OK,,,"to facilitate humanitarian assistance and human rights monitoring, with particular attention to vulnerable groups including women, children and demobilized child soldiers...",https://docs.un.org/en/S/RES/1291(2000),https://docs.un.org/en/S/RES/1291(2000)?direct=true
S/RES/1291,1291,2000,Mission Mandate,DRC,1291.txt,extracted text,8,8,0.89,OK,,,"Acting under Chapter VII of the Charter of the United Nations, decides that MONUC may take the necessary action...to protect civilians under imminent threat of physical violence...",https://docs.un.org/en/S/RES/1291(2000),https://docs.un.org/en/S/RES/1291(2000)?direct=true
S/RES/1509,1509,2003,Mission Mandate,Liberia,1509.txt,extracted text,3(f),3,0.77,OK,,,"to develop...an action plan for the overall implementation of a disarmament, demobilization, reintegration, and repatriation (DDRR) programme for all armed parties; with particular attention to the needs of women and children...",https://docs.un.org/en/S/RES/1509(2003),https://docs.un.org/en/S/RES/1509(2003)?direct=true
S/RES/1509,1509,2003,Mission Mandate,Liberia,1509.txt,extracted text,3(l),3,1,OK,,,"to contribute towards international efforts to protect and promote human rights in Liberia, with particular attention to vulnerable groups including refugees, returning refugees and internally displaced persons, women, children...",https://docs.un.org/en/S/RES/1509(2003),https://docs.un.org/en/S/RES/1509(2003)?direct=true
S/RES/1509,1509,2003,Mission Mandate,Liberia,1509.txt,extracted text,11,11,0.94,OK,,,"Reaffirms the importance of a gender perspective in peacekeeping operations and post-conflict peace-building in accordance with resolution 1325 (2000), recalls the need to address violence against women and girls as a tool of warfare...",https://docs.un.org/en/S/RES/1509(2003),https://docs.un.org/en/S/RES/1509(2003)?direct=true
S/RES/1528,1528,2004,Mission Mandate,Côte d'Ivoire,1528.txt,extracted text,6(e),6,0.94,OK,,,"To help the Government of National Reconciliation implement the national programme for the disarmament, demobilization and reintegration of the combatants (DDR), with special attention to the specific needs of women and children",https://docs.un.org/en/S/RES/1528(2004),https://docs.un.org/en/S/RES/1528(2004)?direct=true
S/RES/1528,1528,2004,Mission Mandate,Côte d'Ivoire,1528.txt,extracted text,6(f),,,NO TEXT,,,,https://docs.un.org/en/S/RES/1528(2004),https://docs.un.org/en/S/RES/1528(2004)?direct=true
S/RES/1528,1528,2004,Mission Mandate,Côte d'Ivoire,1528.txt,extracted text,6(n),6,0.97,OK,,,"To contribute to the promotion and protection of human rights in Côte d'Ivoire with special attention to violence committed against women and girls, and to help investigate human rights violations with a view to help ending impunity",https://docs.un.org/en/S/RES/1528(2004),https://docs.un.org/en/S/RES/1528(2004)?direct=true
S/RES/1528,1528,2004,Mission Mandate,Côte d'Ivoire,1528.txt,extracted text,7,7,1,OK,,,Requests the Secretary-General to give special attention to the gender and child-protection components within the staff of UNOCI,https://docs.un.org/en/S/RES/1528(2004),https://docs.un.org/en/S/RES/1528(2004)?direct=true
S/RES/1545,1545,2004,Mission Mandate,Burundi,1545.txt,extracted text,6,6,0.88,OK,,,Decides that ONUB shall provide advice and assistance...to contribute to their efforts...to carry out institutional reform...,https://docs.un.org/en/S/RES/1545(2004),https://docs.un.org/en/S/RES/1545(2004)?direct=true
S/RES/1545,1545,2004,Mission Mandate,Burundi,1545.txt,extracted text,7,,,NO TEXT,,,,https://docs.un.org/en/S/RES/1545(2004),https://docs.un.org/en/S/RES/1545(2004)?direct=true
S/RES/1545,1545,2004,Mission Mandate,Burundi,1545.txt,extracted text,8,8,0.82,OK,,,Requests the Secretary-General...to conduct all the activities of the United Nations system in Burundi...while ensuring that ONUB's personnel give special attention to issues related to gender...,https://docs.un.org/en/S/RES/1545(2004),https://docs.un.org/en/S/RES/1545(2004)?direct=true
S/RES/1545,1545,2004,Mission Mandate,Burundi,1545.txt,extracted text,16,16,0.75,OK,,,"Reaffirms the need for all parties to complete...the disarmament, demobilization and reintegration programme, giving particular attention to the specific need of women and children...",https://docs.un.org/en/S/RES/1545(2004),https://docs.un.org/en/S/RES/1545(2004)?direct=true
S/RES/1590,1590,2005,Mission Mandate,Sudan,1590.txt,extracted text,4(a)(iv),4,0.96,OK,,,"To assist in the establishment of the disarmament, demobilization and reintegration programme...with particular attention to the special needs of women and child combatants...",https://docs.un.org/en/S/RES/1590(2005),https://docs.un.org/en/S/RES/1590(2005)?direct=true
S/RES/1590,1590,2005,Mission Mandate,Sudan,1590.txt,extracted text,4(a)(vi),,,NO TEXT,,,,https://docs.un.org/en/S/RES/1590(2005),https://docs.un.org/en/S/RES/1590(2005)?direct=true
S/RES/1590,1590,2005,Mission Mandate,Sudan,1590.txt,extracted text,4(d),4,0.93,OK,,,"To contribute towards international efforts to protect and promote human rights in Sudan...with particular attention to vulnerable groups including internally displaced persons, returning refugees, and women and children...",https://docs.un.org/en/S/RES/1590(2005),https://docs.un.org/en/S/RES/1590(2005)?direct=true
S/RES/1590,1590,2005,Mission Mandate,Sudan,1590.txt,extracted text,14,14,1,OK,,,Requests the Secretary-General to take the necessary measures to achieve actual compliance in UNMIS with the United Nations zero-tolerance policy on sexual exploitation and abuse...,https://docs.un.org/en/S/RES/1590(2005),https://docs.un.org/en/S/RES/1590(2005)?direct=true
S/RES/1590,1590,2005,Mission Mandate,Sudan,1590.txt,extracted text,15,15,0.86,OK,,,Reaffirms the importance of appropriate expertise on issues relating to gender in peacekeeping operations...recalls the need to address violence against women and girls as a tool of warfare...,https://docs.un.org/en/S/RES/1590(2005),https://docs.un.org/en/S/RES/1590(2005)?direct=true
S/RES/1591,1591,2005,Sanctions,Sudan,SRES1591_2005_Sudan.pdf,PDF,3(c),3,0.94,OK,,,"Those who impede the peace process, constitute a threat to stability in Darfur and the region, commit violations of international humanitarian or human rights law or other atrocities, violate the measures implemented by Member States in accordance with paragraphs 7 and 8 of resolution 1556 (2004) and paragraph 7 of resolution 1591 (2005) as implemented by a state, or are responsible for offensive military overflights described in paragraph 6 of resolution 1591 (2005)",https://docs.un.org/en/S/RES/1591(2005),https://docs.un.org/en/S/RES/1591(2005)?direct=true
S/RES/1794,1794,2007,Mission Mandate,DRC,1794.txt,extracted text,15,15,0.94,OK,,,"Reiterates its call upon the Congolese authorities to put an end to impunity, by bringing to justice without delay perpetrators of grave violations of human rights and of international humanitarian law, with special attention to those responsible for...grave violations against women and children, in particular sexual violence",https://docs.un.org/en/S/RES/1794(2007),https://docs.un.org/en/S/RES/1794(2007)?direct=true
S/RES/1794,1794,2007,Mission Mandate,DRC,1794.txt,extracted text,18,18,0.91,OK,,,"Requests MONUC, in view of the scale and severity of sexual violence committed especially by armed elements in the Democratic Republic of the Congo, to undertake a thorough review of its efforts to prevent and respond to sexual violence, and to pursue a comprehensive mission-wide strategy...",https://docs.un.org/en/S/RES/1794(2007),https://docs.un.org/en/S/RES/1794(2007)?direct=true
S/RES/1820,1820,2008,Thematic WPS/CRSV,Sexual Violence in Conflict,SRES1820_2008.pdf,PDF,1,1,1,OK,,,"Stresses that sexual violence, when used or commissioned as a tactic of war in order to deliberately target civilians...",https://docs.un.org/en/S/RES/1820(2008),https://docs.un.org/en/S/RES/1820(2008)?direct=true
S/RES/1820,1820,2008,Thematic WPS/CRSV,Sexual Violence in Conflict,SRES1820_2008.pdf,PDF,2,1,0.74,MISMATCH,CONFIRMED OK,read against the PDF: ¶2 is correct; the screen flagged ¶1 because the two paragraphs share vocabulary,Demands the immediate and complete cessation by all parties to armed conflict of all acts of sexual violence against civilians...,https://docs.un.org/en/S/RES/1820(2008),https://docs.un.org/en/S/RES/1820(2008)?direct=true
S/RES/1820,1820,2008,Thematic WPS/CRSV,Sexual Violence in Conflict,SRES1820_2008.pdf,PDF,4,4,1,OK,,,"Notes that rape and other forms of sexual violence can constitute a war crime, a crime against humanity, or a constitutive act with respect to genocide...",https://docs.un.org/en/S/RES/1820(2008),https://docs.un.org/en/S/RES/1820(2008)?direct=true
S/RES/1820,1820,2008,Thematic WPS/CRSV,Sexual Violence in Conflict,SRES1820_2008.pdf,PDF,6,6,0.94,OK,CORRECTION (text),number correct; the inherited excerpt splices out a 30-word consultation clause with no ellipsis,Requests the Secretary-General to develop and implement appropriate training programs for all peacekeeping and humanitarian personnel...,https://docs.un.org/en/S/RES/1820(2008),https://docs.un.org/en/S/RES/1820(2008)?direct=true
S/RES/1828,1828,2008,Mission Mandate,Sudan,1828.txt,extracted text,15,15,0.91,OK,,,"Demands that the parties to the conflict immediately take appropriate measures to protect civilians, including women and children, from all forms of sexual violence, in line with resolution 1820 (2008); and requests the Secretary-General to ensure...that resolutions 1325 (2000) and 1820 are implemented by UNAMID...",https://docs.un.org/en/S/RES/1828(2008),https://docs.un.org/en/S/RES/1828(2008)?direct=true
S/RES/1888,1888,2009,Thematic WPS/CRSV,Sexual Violence in Conflict,SRES1888_2009.pdf,PDF,4,3,0.43,NOT FOUND,CONFIRMED OK,number correct; excerpt paraphrases and drops 'United Nations' before Secretary-General,Requests that the Secretary-General appoint a Special Representative to provide coherent and strategic leadership...,https://docs.un.org/en/S/RES/1888(2009),https://docs.un.org/en/S/RES/1888(2009)?direct=true
S/RES/1888,1888,2009,Thematic WPS/CRSV,Sexual Violence in Conflict,SRES1888_2009.pdf,PDF,8,12,0.7,MISMATCH,CONFIRMED MISMATCH,this text is ¶12 (mandate provisions and Women Protection Advisers),Decides to include specific provisions in the mandates of United Nations peacekeeping missions to protect women and children from sexual violence...,https://docs.un.org/en/S/RES/1888(2009),https://docs.un.org/en/S/RES/1888(2009)?direct=true
S/RES/1888,1888,2009,Thematic WPS/CRSV,Sexual Violence in Conflict,SRES1888_2009.pdf,PDF,12,8,0.79,MISMATCH,CONFIRMED MISMATCH,"this text is ¶8 (Team of Experts); verb also wrong — 'Calls upon ... to deploy rapidly', not 'Requests ... to establish'",Requests the Secretary-General to establish a team of experts to assist national authorities to strengthen the rule of law...,https://docs.un.org/en/S/RES/1888(2009),https://docs.un.org/en/S/RES/1888(2009)?direct=true
S/RES/1902,1902,2009,Mission Mandate,Burundi,1902.txt,extracted text,14,14,0.96,OK,,,"Underscores the importance of security sector reform and urges all international partners, together with BINUB, to support the Government of Burundi's efforts to professionalize and enhance the capacity of the national security services and the police, in particular in the fields of training on human rights and sexual and gender-based violence",https://docs.un.org/en/S/RES/1902(2009),https://docs.un.org/en/S/RES/1902(2009)?direct=true
S/RES/1902,1902,2009,Mission Mandate,Burundi,1902.txt,extracted text,19,19,0.92,OK,,,"Expresses in particular its concern at the continuing sexual and gender-based violence, and urges the Government to continue to take the necessary steps to prevent further violations and to ensure that those responsible are brought to justice",https://docs.un.org/en/S/RES/1902(2009),https://docs.un.org/en/S/RES/1902(2009)?direct=true
S/RES/1925,1925,2010,Mission Mandate,DRC,1925.txt,extracted text,12(c),12,1,OK,,,"Support the efforts of the Government of the Democratic Republic of the Congo to ensure the protection of civilians from violations of international humanitarian law and human rights abuses, including all forms of sexual and gender-based violence...",https://docs.un.org/en/S/RES/1925(2010),https://docs.un.org/en/S/RES/1925(2010)?direct=true
S/RES/1925,1925,2010,Mission Mandate,DRC,1925.txt,extracted text,12(f),12,0.96,OK,,,"Implement the United Nations system-wide protection strategy in the Democratic Republic of the Congo, operationalizing it with MONUSCO's protection strategy built on best practices and extend useful protection measures, such as the Joint Protection Teams, Community Liaison Interpreters, Joint Investigation Teams, Surveillance Centres and Women's Protection Advisers",https://docs.un.org/en/S/RES/1925(2010),https://docs.un.org/en/S/RES/1925(2010)?direct=true
S/RES/1925,1925,2010,Mission Mandate,DRC,1925.txt,extracted text,14,14,1,OK,,,Calls upon the Government of the Democratic Republic of the Congo to build on its cooperation with the Special Representative of the Secretary-General on Children and Armed Conflicts and the Special Representative of the Secretary-General on Sexual Violence in Conflict,https://docs.un.org/en/S/RES/1925(2010),https://docs.un.org/en/S/RES/1925(2010)?direct=true
S/RES/1925,1925,2010,Mission Mandate,DRC,1925.txt,extracted text,15,,,NO TEXT,,,,https://docs.un.org/en/S/RES/1925(2010),https://docs.un.org/en/S/RES/1925(2010)?direct=true
S/RES/1925,1925,2010,Mission Mandate,DRC,1925.txt,extracted text,18,18,1,OK,,,"Demands that all armed groups, in particular FDLR and the LRA, immediately cease all forms of violence and human rights abuse against the civilian population in the Democratic Republic of the Congo, in particular gender-based violence, including rape and other forms of sexual abuse",https://docs.un.org/en/S/RES/1925(2010),https://docs.un.org/en/S/RES/1925(2010)?direct=true
S/RES/1933,1933,2010,Mission Mandate,Côte d'Ivoire,1933.txt,extracted text,13,13,1,OK,,,"Condemns the persistence of reported human rights violations, in particular sexual violence, and calls upon all Ivorian parties, with the continued support of UNOCI, to ensure the protection of civilians, especially women, children and displaced persons...",https://docs.un.org/en/S/RES/1933(2010),https://docs.un.org/en/S/RES/1933(2010)?direct=true
S/RES/1933,1933,2010,Mission Mandate,Côte d'Ivoire,1933.txt,extracted text,16(e),16,1,OK,,,"To contribute to the promotion and protection of human rights in Côte d'Ivoire, with special attention to violations committed against children and women and to all forms of sexual violence, to monitor, help investigate and report on human rights and humanitarian law violations with a view to ending impunity...",https://docs.un.org/en/S/RES/1933(2010),https://docs.un.org/en/S/RES/1933(2010)?direct=true
S/RES/1933,1933,2010,Mission Mandate,Côte d'Ivoire,1933.txt,extracted text,22,22,0.84,OK,,,"Requests the Secretary-General to continue to include in his reports relevant information on progress on the promotion and protection of human rights...with special attention to violence committed against children and women, and on progress on gender mainstreaming...",https://docs.un.org/en/S/RES/1933(2010),https://docs.un.org/en/S/RES/1933(2010)?direct=true
S/RES/1960,1960,2010,Thematic WPS/CRSV,Sexual Violence in Conflict,SRES1960_2010.pdf,PDF,3,8,0.73,MISMATCH,CONFIRMED MISMATCH,this text is ¶8 (the MARA); the real ¶3 is the annex listing mechanism and is unrecorded,"Requests the Secretary-General to establish monitoring, analysis and reporting arrangements on conflict-related sexual violence...",https://docs.un.org/en/S/RES/1960(2010),https://docs.un.org/en/S/RES/1960(2010)?direct=true
S/RES/1960,1960,2010,Thematic WPS/CRSV,Sexual Violence in Conflict,SRES1960_2010.pdf,PDF,7,4,0.67,MISMATCH,CONFIRMED MISMATCH,this text is ¶5 (time-bound commitments); the real ¶7 is the sanctions designation paragraph,Calls upon parties to armed conflict to make and implement specific and time-bound commitments to combat sexual violence...,https://docs.un.org/en/S/RES/1960(2010),https://docs.un.org/en/S/RES/1960(2010)?direct=true
S/RES/1991,1991,2011,Mission Mandate,DRC,1991.txt,extracted text,13,13,0.97,OK,,,"Demands that all armed groups, in particular Forces Démocratiques de Libération du Rwanda (FDLR) and the Lord's Resistance Army (LRA), immediately cease all forms of violence and human rights abuses against the civilian population in the Democratic Republic of the Congo, in particular against women and children, including rape and other forms of sexual abuse, and demobilize",https://docs.un.org/en/S/RES/1991(2011),https://docs.un.org/en/S/RES/1991(2011)?direct=true
S/RES/1991,1991,2011,Mission Mandate,DRC,1991.txt,extracted text,16,16,0.95,OK,,,Encourages the Government of the Democratic Republic of the Congo to continue to build on its cooperation with the Special Representative of the Secretary-General on Children and Armed Conflicts and the Special Representative of the Secretary-General on Sexual Violence in Conflict...,https://docs.un.org/en/S/RES/1991(2011),https://docs.un.org/en/S/RES/1991(2011)?direct=true
S/RES/1991,1991,2011,Mission Mandate,DRC,1991.txt,extracted text,18,18,0.97,OK,,,"Urges the Congolese Government to approve the multi-year joint United Nations justice support program and to implement it...welcomes the positive steps taken by the Congolese authorities to try those responsible for human rights violations, including rape in South Kivu...",https://docs.un.org/en/S/RES/1991(2011),https://docs.un.org/en/S/RES/1991(2011)?direct=true
S/RES/1996,1996,2011,Mission Mandate,South Sudan,1996.txt,extracted text,9,9,0.96,OK,,,"Demands that all parties, in particular rebel militias and the LRA, immediately cease all forms of violence and human rights abuses against the civilian population in South Sudan, in particular gender-based violence, including rape and other forms of sexual abuse as well as all violations and abuses against children...",https://docs.un.org/en/S/RES/1996(2011),https://docs.un.org/en/S/RES/1996(2011)?direct=true
S/RES/1996,1996,2011,Mission Mandate,South Sudan,1996.txt,extracted text,24,24,1,OK,,,"Reaffirms the importance of appropriate gender expertise and training in missions mandated by the Security Council in accordance with resolutions 1325 (2000) and 1820 (2008), recalls the need to address violence against women and girls as a tool of warfare, looks forward to the appointment of women protection advisors...",https://docs.un.org/en/S/RES/1996(2011),https://docs.un.org/en/S/RES/1996(2011)?direct=true
S/RES/2035,2035,2012,Mission Mandate,Sudan,2035.txt,extracted text,8,8,0.96,OK,,,"Requests the Panel of Experts to coordinate its activities as appropriate with the operations of the United Nations/African Union Hybrid Operation in Darfur (UNAMID) and with international efforts to promote the political process in Darfur, and to assess in its interim and final reports progress towards reducing violations by all parties...",https://docs.un.org/en/S/RES/2035(2012),https://docs.un.org/en/S/RES/2035(2012)?direct=true
S/RES/2095,2095,2013,Mission Mandate,Libya,2095.txt,extracted text,3,3,1,OK,,,"Calls upon the Libyan government to promote and protect human rights, including those of women, children and people belonging to vulnerable groups, to comply with their obligations under international law, including human rights law, and calls for those responsible for serious violations of international humanitarian law and human rights law, including sexual violence and violations and abuses against children, to be held accountable...",https://docs.un.org/en/S/RES/2095(2013),https://docs.un.org/en/S/RES/2095(2013)?direct=true
S/RES/2095,2095,2013,Mission Mandate,Libya,2095.txt,extracted text,7(b),7,0.96,OK,,,"Promote the rule of law and monitor and protect human rights, in accordance with Libya's international legal obligations, particularly those of women and people belonging to vulnerable groups, such as children, minorities and migrants, including through assisting the Libyan government to ensure the humane treatment of and due process for detainees",https://docs.un.org/en/S/RES/2095(2013),https://docs.un.org/en/S/RES/2095(2013)?direct=true
S/RES/2098,2098,2013,Mission Mandate,DRC,2098.txt,extracted text,8,8,1,OK,,,"Strongly condemns the M23, the FDLR, the ADF, the APCLS, the LRA, the National Force of Liberation (FNL), the various Mayi Mayi groups and all other armed groups and their continuing violence and abuses of human rights, including summary executions, sexual and gender based violence and large scale recruitment and use of children, demands that all armed groups cease immediately all forms of violence...",https://docs.un.org/en/S/RES/2098(2013),https://docs.un.org/en/S/RES/2098(2013)?direct=true
S/RES/2098,2098,2013,Mission Mandate,DRC,2098.txt,extracted text,11(a),11,0.87,OK,,,"Reduction of the threat posed by Congolese and foreign armed groups, including through the operations by the Intervention Brigade, violence against civilians, including sexual and gender-based violence and violence against children to a level that can be effectively managed by the Congolese justice and security institutions",https://docs.un.org/en/S/RES/2098(2013),https://docs.un.org/en/S/RES/2098(2013)?direct=true
S/RES/2098,2098,2013,Mission Mandate,DRC,2098.txt,extracted text,12(a)(iii),12,1,OK,,,"Work with the Government of the DRC to identify threats to civilians and implement existing response plans to ensure the protection of civilians from abuses and violations of human rights and violations of international humanitarian law, including all forms of sexual and gender-based violence and grave violations against children...",https://docs.un.org/en/S/RES/2098(2013),https://docs.un.org/en/S/RES/2098(2013)?direct=true
S/RES/2098,2098,2013,Mission Mandate,DRC,2098.txt,extracted text,15(i),15,1,OK,,,Continue to collaborate with the Government of the DRC in the swift and vigorous implementation of the action plan to prevent and end the recruitment and use of children and sexual violence against children by FARDC...,https://docs.un.org/en/S/RES/2098(2013),https://docs.un.org/en/S/RES/2098(2013)?direct=true
S/RES/2100,2100,2013,Mission Mandate,Mali,2100.txt,extracted text,16(c)(ii),16,1,OK,,,"To provide specific protection for women and children affected by armed conflict, including through the deployment of Child Protection Advisors and Women Protection Advisors, and address the needs of victims of sexual and gender-based violence in armed conflict",https://docs.un.org/en/S/RES/2100(2013),https://docs.un.org/en/S/RES/2100(2013)?direct=true
S/RES/2100,2100,2013,Mission Mandate,Mali,2100.txt,extracted text,16(d)(iii),16,0.91,OK,,,"To monitor, help investigate and report to the Council specifically on violations and abuses committed against children as well as violations committed against women including all forms of sexual violence in armed conflict",https://docs.un.org/en/S/RES/2100(2013),https://docs.un.org/en/S/RES/2100(2013)?direct=true
S/RES/2102,2102,2013,Mission Mandate,Somalia,2102.txt,extracted text,2(d)(i),2,1,OK,,,"promote respect for human rights and women's empowerment, including through the provision of Gender Advisers and Human Rights Advisers",https://docs.un.org/en/S/RES/2102(2013),https://docs.un.org/en/S/RES/2102(2013)?direct=true
S/RES/2102,2102,2013,Mission Mandate,Somalia,2102.txt,extracted text,2(d)(iii),2,0.93,OK,,,"prevent conflict-related sexual and gender-based violence, including through the provision of Women's Protection Advisors",https://docs.un.org/en/S/RES/2102(2013),https://docs.un.org/en/S/RES/2102(2013)?direct=true
S/RES/2102,2102,2013,Mission Mandate,Somalia,2102.txt,extracted text,2(d)(iv),2,0.89,OK,,,strengthen Somalia's justice institutions and to help ensure accountability in particular with respect to crimes against women and children,https://docs.un.org/en/S/RES/2102(2013),https://docs.un.org/en/S/RES/2102(2013)?direct=true
S/RES/2102,2102,2013,Mission Mandate,Somalia,2102.txt,extracted text,2(e)(iii),2,1,OK,,,"any violations or abuses committed against women, including all forms of sexual and gender-based violence in armed conflict",https://docs.un.org/en/S/RES/2102(2013),https://docs.un.org/en/S/RES/2102(2013)?direct=true
S/RES/2102,2102,2013,Mission Mandate,Somalia,2102.txt,extracted text,8,8,0.93,OK,,,"Stresses the need for the Federal Government of Somalia to ensure that all perpetrators of serious violations and abuses of human rights and serious violations of international humanitarian law are held accountable, and emphasises the importance of UNSOM supporting the Government of Somalia in developing and implementing a national strategy for preventing and responding to sexual and gender-based violence...",https://docs.un.org/en/S/RES/2102(2013),https://docs.un.org/en/S/RES/2102(2013)?direct=true
S/RES/2106,2106,2013,Thematic WPS/CRSV,Sexual Violence in Conflict,SRES2106_2013.pdf,PDF,2,2,1,OK,,,Notes that sexual violence can constitute a crime against humanity or a constitutive act with respect to genocide...,https://docs.un.org/en/S/RES/2106(2013),https://docs.un.org/en/S/RES/2106(2013)?direct=true
S/RES/2106,2106,2013,Thematic WPS/CRSV,Sexual Violence in Conflict,SRES2106_2013.pdf,PDF,5,4,0.94,MISMATCH,CONFIRMED MISMATCH,"this text is ¶4; verb also wrong — 'Draws attention to', not 'Emphasizes'",Emphasizes the importance of a comprehensive approach to transitional justice in armed conflict and post-conflict situations...,https://docs.un.org/en/S/RES/2106(2013),https://docs.un.org/en/S/RES/2106(2013)?direct=true
S/RES/2116,2116,2013,Mission Mandate,Liberia,2116.txt,extracted text,8,8,0.75,OK,,,Requests the Secretary-General to ensure that UNMIL has the requisite qualified specialist advisers with the professional skills and experience appropriate to this transition phase in order to enhance mentoring...including addressing the high incidence of sexual and gender-based violence...,https://docs.un.org/en/S/RES/2116(2013),https://docs.un.org/en/S/RES/2116(2013)?direct=true
S/RES/2116,2116,2013,Mission Mandate,Liberia,2116.txt,extracted text,10,10,0.95,OK,,,"Expresses its concern that women and girls in Liberia continue to face a high incidence of sexual and gender-based violence, reiterates its call on the Government of Liberia to continue to combat sexual violence, particularly against children, and gender-based violence, and in coordination with UNMIL, to continue to combat impunity for perpetrators of such crimes and to provide redress, support, and protection for victims...",https://docs.un.org/en/S/RES/2116(2013),https://docs.un.org/en/S/RES/2116(2013)?direct=true
S/RES/2116,2116,2013,Mission Mandate,Liberia,2116.txt,extracted text,12,12,0.97,OK,,,"Calls on the Government of Liberia, with support from UNMIL...to continue to support the participation of women in conflict prevention, conflict resolution and peacebuilding, including in decision-making roles in post-conflict governance institutions...",https://docs.un.org/en/S/RES/2116(2013),https://docs.un.org/en/S/RES/2116(2013)?direct=true
S/RES/2137,2137,2014,Mission Mandate,Burundi,2137.txt,extracted text,11,11,0.72,OK,,,Calls upon the Government of Burundi to foster inclusive elections in 2015...and further calls upon the Government to ensure full and effective protection of and respect for human rights...,https://docs.un.org/en/S/RES/2137(2014),https://docs.un.org/en/S/RES/2137(2014)?direct=true
S/RES/2137,2137,2014,Mission Mandate,Burundi,2137.txt,extracted text,18,18,0.89,OK,,,"Underscores the importance of security sector reform...and urges all international partners, together with BNUB, to continue supporting Burundi's efforts to professionalize and enhance the capacity of the national security services and the police, in particular through vetting for human rights violations, including sexual and gender-based violence...",https://docs.un.org/en/S/RES/2137(2014),https://docs.un.org/en/S/RES/2137(2014)?direct=true
S/RES/2149,2149,2014,Mission Mandate,CAR,2149.txt,extracted text,13,13,0.94,OK,,,"Calls upon all parties to armed conflict in the CAR, including former Seleka elements and anti-Balaka elements, to issue clear orders prohibiting all violations and abuses committed against children...including those involving their recruitment and use, rape and sexual violence, killing and maiming, abductions and attacks on schools and hospitals...",https://docs.un.org/en/S/RES/2149(2014),https://docs.un.org/en/S/RES/2149(2014)?direct=true
S/RES/2149,2149,2014,Mission Mandate,CAR,2149.txt,extracted text,15,15,1,OK,,,"Calls upon all parties to armed conflict in the CAR, including former Seleka and anti-Balaka elements, to issue clear orders against sexual and gender based violence, and further calls upon the Transitional Authorities to make and implement specific commitments on timely investigation of alleged abuses in order to hold perpetrators accountable...",https://docs.un.org/en/S/RES/2149(2014),https://docs.un.org/en/S/RES/2149(2014)?direct=true
S/RES/2149,2149,2014,Mission Mandate,CAR,2149.txt,extracted text,30(a)(ii),30,1,OK,,,"To provide specific protection for women and children affected by armed conflict, including through the deployment of Child Protection Advisers and Women Protection Advisers",https://docs.un.org/en/S/RES/2149(2014),https://docs.un.org/en/S/RES/2149(2014)?direct=true
S/RES/2155,2155,2014,Mission Mandate,South Sudan,2155.txt,extracted text,4(a)(i),4,0.9,OK,,,"To protect civilians under threat of physical violence, irrespective of the source of such violence, within its capacity and areas of deployment, with specific protection for women and children, including through the continued use of the Mission's Child Protection and Women Protection Advisers",https://docs.un.org/en/S/RES/2155(2014),https://docs.un.org/en/S/RES/2155(2014)?direct=true
S/RES/2155,2155,2014,Mission Mandate,South Sudan,2155.txt,extracted text,4(a)(v),,,NO TEXT,,,,https://docs.un.org/en/S/RES/2155(2014),https://docs.un.org/en/S/RES/2155(2014)?direct=true
S/RES/2155,2155,2014,Mission Mandate,South Sudan,2155.txt,extracted text,4(b)(ii),4,1,OK,,,"To monitor, investigate, verify and report specifically and publicly on violations and abuses committed against children and women, including all forms of sexual and gender-based violence in armed conflict by accelerating the implementation of monitoring, analysis and reporting arrangements on conflict-related sexual violence...",https://docs.un.org/en/S/RES/2155(2014),https://docs.un.org/en/S/RES/2155(2014)?direct=true
S/RES/2155,2155,2014,Mission Mandate,South Sudan,2155.txt,extracted text,18,18,0.94,OK,,,"Further demands that all parties immediately cease all forms of violence, human rights violations and abuses, violations of international humanitarian law, including gender-based violence, rape and other forms of sexual violence...",https://docs.un.org/en/S/RES/2155(2014),https://docs.un.org/en/S/RES/2155(2014)?direct=true
S/RES/2155,2155,2014,Mission Mandate,South Sudan,2155.txt,extracted text,19,19,0.89,OK,,,Calls upon the Government of South Sudan to move forward expeditiously and transparently to complete the investigations of allegations of human rights violations and abuses...to hold to account all those responsible...and to ensure that all victims of sexual violence have access to justice...,https://docs.un.org/en/S/RES/2155(2014),https://docs.un.org/en/S/RES/2155(2014)?direct=true
S/RES/2155,2155,2014,Mission Mandate,South Sudan,2155.txt,extracted text,20,20,1,OK,,,Emphasizes the importance of the full and effective participation of women at all levels in the implementation of agreements and in the prevention and resolution of conflict and peacebuilding more broadly...,https://docs.un.org/en/S/RES/2155(2014),https://docs.un.org/en/S/RES/2155(2014)?direct=true
S/RES/2162,2162,2014,Mission Mandate,Côte d'Ivoire,2162.txt,extracted text,16,16,1,OK,,,"Calls on those responsible to cease committing acts of sexual and gender-based violence immediately, and further calls upon UNOCI, where consistent with its authorities and responsibilities, to continue to support national and international efforts to bring to justice perpetrators of grave abuses of human rights and violations of international humanitarian law in Côte d'Ivoire...",https://docs.un.org/en/S/RES/2162(2014),https://docs.un.org/en/S/RES/2162(2014)?direct=true
S/RES/2162,2162,2014,Mission Mandate,Côte d'Ivoire,2162.txt,extracted text,17,17,0.92,OK,,,"Welcomes the continued cooperation between...UNOCI and the FRCI and calls for strict adherence by the FRCI to international humanitarian, human rights and refugee laws and in this context, recalls the importance of training in human rights, child protection and sexual- and gender-based violence for security and law-enforcement agencies",https://docs.un.org/en/S/RES/2162(2014),https://docs.un.org/en/S/RES/2162(2014)?direct=true
S/RES/2162,2162,2014,Mission Mandate,Côte d'Ivoire,2162.txt,extracted text,19(e),19,0.98,OK,,,"To advise the Government, as appropriate, on SSR and the organization of the future national army, to facilitate the provision of training...in human rights, child protection and protection from sexual and gender-based violence to the security and law enforcement institutions",https://docs.un.org/en/S/RES/2162(2014),https://docs.un.org/en/S/RES/2162(2014)?direct=true
S/RES/2162,2162,2014,Mission Mandate,Côte d'Ivoire,2162.txt,extracted text,19(g),19,1,OK,,,"To contribute to the promotion and protection of human rights in Côte d'Ivoire, with special attention to grave violations and abuses committed against children and women, notably sexual- and gender-based violence...",https://docs.un.org/en/S/RES/2162(2014),https://docs.un.org/en/S/RES/2162(2014)?direct=true
S/RES/2216,2216,2015,Country-Specific,Yemen,2216.txt,extracted text,1(g),1,0.92,OK,,,end the recruitment and use of children and release all children from their ranks,https://docs.un.org/en/S/RES/2216(2015),https://docs.un.org/en/S/RES/2216(2015)?direct=true
S/RES/2242,2242,2015,Thematic WPS/CRSV,Women Peace and Security,SRES2242_2015.pdf,PDF,13,1,0.93,MISMATCH,CONFIRMED MISMATCH,"the language sits inside ¶1; verb wrong ('reiterates its call for'); Tier D participation language, not CRSV",Calls upon Member States to ensure increased representation of women at all decision-making levels...,https://docs.un.org/en/S/RES/2242(2015),https://docs.un.org/en/S/RES/2242(2015)?direct=true
S/RES/2242,2242,2015,Thematic WPS/CRSV,Women Peace and Security,SRES2242_2015.pdf,PDF,14,13,1,MISMATCH,CONFIRMED MISMATCH,"this text is ¶13 (counter-terrorism participation, Tier D). The genuine ¶14 is the access-to-justice paragraph and is the one that should have been recorded",Urges Member States and the United Nations system to ensure the participation and leadership of women and women's organizations...,https://docs.un.org/en/S/RES/2242(2015),https://docs.un.org/en/S/RES/2242(2015)?direct=true
S/RES/2284,2284,2016,Mission Mandate,Côte d'Ivoire,2284.txt,extracted text,7,7,0.72,OK,,,"Welcomes the continued cooperation between...UNOCI and the defence and security forces of Côte d'Ivoire...reiterates the importance for the FRCI to have adequate and appropriate training in human rights, including human rights violations involving sexual and gender-based violence...",https://docs.un.org/en/S/RES/2284(2016),https://docs.un.org/en/S/RES/2284(2016)?direct=true
S/RES/2284,2284,2016,Mission Mandate,Côte d'Ivoire,2284.txt,extracted text,12,12,0.97,OK,,,"Calls on those responsible to cease committing acts of sexual and gender-based violence immediately, and calls upon the Government of Côte d'Ivoire to strengthen implementation of its 2014 national strategy to combat sexual- and gender-based violence",https://docs.un.org/en/S/RES/2284(2016),https://docs.un.org/en/S/RES/2284(2016)?direct=true
S/RES/2284,2284,2016,Mission Mandate,Côte d'Ivoire,2284.txt,extracted text,15(d),15,0.81,OK,,,"Support for compliance with international humanitarian and human rights law - To contribute to the promotion and protection of human rights in Côte d'Ivoire...and to monitor, help investigate, and report to the Security Council on abuses and violations of human rights and violations of international humanitarian law, including sexual and gender-based violence...",https://docs.un.org/en/S/RES/2284(2016),https://docs.un.org/en/S/RES/2284(2016)?direct=true
S/RES/2293,2293,2016,Sanctions,DRC,SRES2293_2016_DRC.pdf,PDF,7(e),7,1,OK,,,"planning, directing, or committing acts in the DRC that constitute human rights violations or abuses or violations of international humanitarian law, as applicable, including those acts involving the targeting of civilians, including killing and maiming, rape and other sexual violence, abduction, forced displacement, and attacks on schools and hospitals",https://docs.un.org/en/S/RES/2293(2016),https://docs.un.org/en/S/RES/2293(2016)?direct=true
S/RES/2301,2301,2016,Mission Mandate,CAR,2301.txt,extracted text,19,19,0.94,OK,,,"Calls upon all parties to armed conflict in the CAR, including ex-Seleka elements and anti-Balaka elements, to end all violations and abuses committed against children...including those involving their recruitment and use, rape and sexual violence, killing and maiming, abductions and attacks on schools and hospitals...",https://docs.un.org/en/S/RES/2301(2016),https://docs.un.org/en/S/RES/2301(2016)?direct=true
S/RES/2301,2301,2016,Mission Mandate,CAR,2301.txt,extracted text,21,21,0.96,OK,,,"Calls upon all parties to armed conflict in the CAR, including ex-Seleka and anti-Balaka elements, to end sexual and gender-based violence, and further calls upon the CAR Authorities to investigate swiftly alleged abuses in order to hold perpetrators accountable, and to develop a structured and comprehensive framework to address sexual violence in conflict...",https://docs.un.org/en/S/RES/2301(2016),https://docs.un.org/en/S/RES/2301(2016)?direct=true
S/RES/2301,2301,2016,Mission Mandate,CAR,2301.txt,extracted text,33(a)(ii),33,0.92,OK,,,"To provide specific protection for women and children affected by armed conflict, including through the deployment of Child Protection Advisers, Women Protection Advisers and Gender Advisers",https://docs.un.org/en/S/RES/2301(2016),https://docs.un.org/en/S/RES/2301(2016)?direct=true
S/RES/2303,2303,2016,Mission Mandate,Burundi,2303.txt,extracted text,2,2,0.82,OK,,,"Urges the Government of Burundi to respect, protect and guarantee human rights and fundamental freedoms for all...to adhere to the rule of law, to bring to justice and hold accountable all those responsible for crimes involving violations of international humanitarian law or violations and abuses of human rights, as applicable, including those involving sexual violence in the context of the political crisis...",https://docs.un.org/en/S/RES/2303(2016),https://docs.un.org/en/S/RES/2303(2016)?direct=true
S/RES/2331,2331,2016,Thematic WPS/CRSV,Human Trafficking in Conflict,SRES2331_2016.pdf,PDF,1,1,0.94,OK,,,Condemns in the strongest terms all instances of trafficking in persons in areas affected by armed conflict...,https://docs.un.org/en/S/RES/2331(2016),https://docs.un.org/en/S/RES/2331(2016)?direct=true
S/RES/2331,2331,2016,Thematic WPS/CRSV,Human Trafficking in Conflict,SRES2331_2016.pdf,PDF,4,2,0.43,NOT FOUND,UNRESOLVED,excerpt not located; ¶2 and ¶3 are chapeaux with sub-paragraphs. Needs a manual read against the PDF,Urges Member States to address the factors that make people vulnerable to trafficking in persons...,https://docs.un.org/en/S/RES/2331(2016),https://docs.un.org/en/S/RES/2331(2016)?direct=true
S/RES/2333,2333,2016,Mission Mandate,Liberia,2333.txt,extracted text,3,3,0.94,OK,,,Emphasizes that the Government of Liberia bears primary and ultimate responsibility for security and the protection of its population with special attention to combatting sexual and gender-based violence and combatting impunity for perpetrators of such crimes...,https://docs.un.org/en/S/RES/2333(2016),https://docs.un.org/en/S/RES/2333(2016)?direct=true
S/RES/2333,2333,2016,Mission Mandate,Liberia,2333.txt,extracted text,4,4,0.94,OK,,,"Emphasizes the need for expanded efforts by the Liberian authorities to address the root causes of conflict...combat sexual and gender-based violence, and build trust between Liberian citizens and state institutions...",https://docs.un.org/en/S/RES/2333(2016),https://docs.un.org/en/S/RES/2333(2016)?direct=true
S/RES/2333,2333,2016,Mission Mandate,Liberia,2333.txt,extracted text,8,8,1,OK,,,"Emphasizes the important role of women in the prevention and resolution of conflicts and in peacebuilding, as recognized in resolution 1325 (2000)...",https://docs.un.org/en/S/RES/2333(2016),https://docs.un.org/en/S/RES/2333(2016)?direct=true
S/RES/2333,2333,2016,Mission Mandate,Liberia,2333.txt,extracted text,9,9,0.98,OK,,,"Expresses its continued concern that women and girls in Liberia continue to face a high incidence of sexual and gender-based violence, reiterates its call on the Government of Liberia to continue to combat sexual violence, particularly against children, and gender-based violence, to combat impunity for perpetrators of such crimes, to provide redress, support and protection to victims...",https://docs.un.org/en/S/RES/2333(2016),https://docs.un.org/en/S/RES/2333(2016)?direct=true
S/RES/2333,2333,2016,Mission Mandate,Liberia,2333.txt,extracted text,11(c)(ii),11,1,OK,,,"To support the strengthening of efforts by the Government of Liberia to combat sexual and gender-based violence, including its efforts to combat impunity for perpetrators of such crimes",https://docs.un.org/en/S/RES/2333(2016),https://docs.un.org/en/S/RES/2333(2016)?direct=true
S/RES/2340,2340,2017,Mission Mandate,Sudan,2340.txt,extracted text,26,26,0.75,OK,,,Requests the Panel of Experts to assess in its first and final reports progress towards reducing violations by all parties...violations of international humanitarian or human rights law or other atrocities...including sexual and gender-based violence...,https://docs.un.org/en/S/RES/2340(2017),https://docs.un.org/en/S/RES/2340(2017)?direct=true
S/RES/2358,2358,2017,Mission Mandate,Somalia,2358.txt,extracted text,20,20,0.95,OK,,,Encourages the Federal Government of Somalia to implement fully the Action Plan of its Human Rights Roadmap and establish its National Human Rights Commission and to pass legislation...aimed at protecting human rights and investigating and prosecuting perpetrators of crimes involving violations or abuses of human rights violations of international humanitarian law and conflict-related sexual violence...,https://docs.un.org/en/S/RES/2358(2017),https://docs.un.org/en/S/RES/2358(2017)?direct=true
S/RES/2358,2358,2017,Mission Mandate,Somalia,2358.txt,extracted text,21,21,1,OK,,,"Underlines the importance of respect for international humanitarian law and the protection of civilians, especially women and children, by all parties to the conflict in Somalia",https://docs.un.org/en/S/RES/2358(2017),https://docs.un.org/en/S/RES/2358(2017)?direct=true
S/RES/2364,2364,2017,Mission Mandate,Mali,2364.txt,extracted text,11,11,1,OK,,,Calls for the inclusion within national and regional strategies of programmes to support community efforts to address the stigma of sexual violence and the reintegration of survivors into their communities,https://docs.un.org/en/S/RES/2364(2017),https://docs.un.org/en/S/RES/2364(2017)?direct=true
S/RES/2364,2364,2017,Mission Mandate,Mali,2364.txt,extracted text,20(a)(ii),20,0.95,OK,,,"to support the cantonment, disarmament, demobilization and reintegration of armed groups...taking into account the particular needs of women and children...",https://docs.un.org/en/S/RES/2364(2017),https://docs.un.org/en/S/RES/2364(2017)?direct=true
S/RES/2367,2367,2017,Mission Mandate,Iraq,2367.txt,extracted text,preamble_10,,0,OK (preamble),,,"emphasizing that those responsible for violations of international humanitarian law and violations and abuses of human rights, including those involving detainees and sexual and gender-based violence, must be held accountable",https://docs.un.org/en/S/RES/2367(2017),https://docs.un.org/en/S/RES/2367(2017)?direct=true
S/RES/2367,2367,2017,Mission Mandate,Iraq,2367.txt,extracted text,preamble_16,3,0.15,OK (preamble),,,"encouraging the Government of Iraq to reinvigorate its efforts to promote and protect the rights of women and reaffirming its resolutions 1325 (2000)...on women, peace, and security and reiterating the need for the full, equal, and effective participation of women",https://docs.un.org/en/S/RES/2367(2017),https://docs.un.org/en/S/RES/2367(2017)?direct=true
S/RES/2367,2367,2017,Mission Mandate,Iraq,2367.txt,extracted text,preamble_18,2,0.02,OK (preamble),,,"Expressing grave concern that the violent extremism and terrorism perpetrated by ISIL (Da'esh) in Iraq has systematically targeted women and children...including murder, kidnapping, hostage-taking, enslavement, sale into or otherwise forced marriage, rape, sexual slavery and other forms of sexual violence...",https://docs.un.org/en/S/RES/2367(2017),https://docs.un.org/en/S/RES/2367(2017)?direct=true
S/RES/2367,2367,2017,Mission Mandate,Iraq,2367.txt,extracted text,preamble_20,,0,OK (preamble),,,"strongly condemning...human trafficking, sale of women and girls, and forced marriage",https://docs.un.org/en/S/RES/2367(2017),https://docs.un.org/en/S/RES/2367(2017)?direct=true
S/RES/2367,2367,2017,Mission Mandate,Iraq,2367.txt,extracted text,preamble_24,2,0.05,OK (preamble),,,"highlighting the need for specific information and practical recommendations related to the gender dimensions of the conflict...and the continued provision of dedicated expertise to facilitate coordinated implementation of monitoring, analysis and reporting arrangements on sexual violence in conflict and post-conflict situations",https://docs.un.org/en/S/RES/2367(2017),https://docs.un.org/en/S/RES/2367(2017)?direct=true
S/RES/2376,2376,2017,Mission Mandate,Libya,2376.txt,extracted text,4,4,1,OK,,,"Requests UNSMIL to take fully into account a gender perspective throughout its mandate and to assist the GNA in ensuring the full and effective participation of women in the democratic transition, reconciliation efforts, the security sector and in national institutions in line with resolution 1325 (2000)",https://docs.un.org/en/S/RES/2376(2017),https://docs.un.org/en/S/RES/2376(2017)?direct=true
S/RES/2441,2441,2018,Sanctions,Libya,SRES2441_2018_Libya.pdf,PDF,11,11,1,OK,,,"Planning, directing or committing acts involving sexual and gender-based violence",https://docs.un.org/en/S/RES/2441(2018),https://docs.un.org/en/S/RES/2441(2018)?direct=true
S/RES/2444,2444,2018,Sanctions,Somalia,SRES2444_2018_Al-Shabaab.pdf,PDF,50,50,1,OK,CONFIRMED OK,number correct; the excerpt is a clause lifted from mid-sentence,"Planning, directing or committing acts involving sexual and gender-based violence",https://docs.un.org/en/S/RES/2444(2018),https://docs.un.org/en/S/RES/2444(2018)?direct=true
S/RES/2451,2451,2018,Country-Specific,Yemen,2451.txt,extracted text,4,4,0.82,OK,,,Welcomes the Special Envoy's presentation of a Framework for Negotiations in Stockholm...and underlines the importance of the full participation of women and the meaningful engagement of civil society...,https://docs.un.org/en/S/RES/2451(2018),https://docs.un.org/en/S/RES/2451(2018)?direct=true
S/RES/2451,2451,2018,Country-Specific,Yemen,2451.txt,extracted text,10,10,1,OK,,,Calls on all parties to the conflict to comply with applicable international law...and calls on them to protect civilian objects including schools and objects indispensable to the civilian population...,https://docs.un.org/en/S/RES/2451(2018),https://docs.un.org/en/S/RES/2451(2018)?direct=true
S/RES/2459,2459,2019,Mission Mandate,South Sudan,2459.txt,extracted text,4,4,0.9,OK,,,"Commends the 22 January 2019 report by RJMEC...welcomes the gradual decrease in fighting among the warring parties, calls on parties to the Revitalised Agreement to take the necessary steps to ensure that pretransitional institutions and mechanisms can begin functioning...",https://docs.un.org/en/S/RES/2459(2019),https://docs.un.org/en/S/RES/2459(2019)?direct=true
S/RES/2459,2459,2019,Mission Mandate,South Sudan,2459.txt,extracted text,7(a)(i),7,0.92,OK,,,"To protect civilians under threat of physical violence, irrespective of the source of such violence, within its capacity and areas of deployment, with specific protection for women and children, including through the continued use of the Mission's Child Protection and Women Protection Advisers, the positions for which should be filled expeditiously",https://docs.un.org/en/S/RES/2459(2019),https://docs.un.org/en/S/RES/2459(2019)?direct=true
S/RES/2467,2467,2019,Thematic WPS/CRSV,Sexual Violence in Conflict,SRES2467_2019.pdf,PDF,5,15,1,MISMATCH,CONFIRMED MISMATCH,this text is ¶15,Urges Member States to strengthen access to justice for victims of sexual violence in conflict...,https://docs.un.org/en/S/RES/2467(2019),https://docs.un.org/en/S/RES/2467(2019)?direct=true
S/RES/2467,2467,2019,Thematic WPS/CRSV,Sexual Violence in Conflict,SRES2467_2019.pdf,PDF,18,16,0.94,MISMATCH,CONFIRMED MISMATCH,"this text is ¶16; verb wrong — 'Encourages', not 'Calls upon'",Calls upon Member States to adopt a survivor-centered approach in preventing and responding to sexual violence...,https://docs.un.org/en/S/RES/2467(2019),https://docs.un.org/en/S/RES/2467(2019)?direct=true
S/RES/2467,2467,2019,Thematic WPS/CRSV,Sexual Violence in Conflict,SRES2467_2019.pdf,PDF,27,18,0.71,MISMATCH,CONFIRMED MISMATCH,"this text is ¶18, and the inherited wording is a paraphrase rather than a quotation",Recognizes that children born as a result of sexual violence in conflict face unique challenges...,https://docs.un.org/en/S/RES/2467(2019),https://docs.un.org/en/S/RES/2467(2019)?direct=true
S/RES/2489,2489,2019,Mission Mandate,Afghanistan,2489.txt,extracted text,5(f),5,0.84,OK,,,"support in this regard the importance of gender equality and women's and girls' empowerment, education, human rights, and full, safe, equal, effective and meaningful participation, engagement and leadership of women in all levels of decision-making, including in peace talks and overall peacebuilding strategies at the national and sub national level...",https://docs.un.org/en/S/RES/2489(2019),https://docs.un.org/en/S/RES/2489(2019)?direct=true
S/RES/2511,2511,2020,Sanctions,Yemen,SRES2511_2020_Yemen.pdf,PDF,6,6,0.95,OK,,,"Engaging in sexual violence in armed conflict, or the recruitment or use of children in armed conflict in violation of international law",https://docs.un.org/en/S/RES/2511(2020),https://docs.un.org/en/S/RES/2511(2020)?direct=true
S/RES/2520,2520,2020,Mission Mandate,Somalia,2520.txt,extracted text,17,17,0.94,OK,,,"Strongly underlines the continued importance of AMISOM forces carrying out their mandate in full compliance with participating states' obligations under international law, including with regard to the protection of civilians, especially women and children...",https://docs.un.org/en/S/RES/2520(2020),https://docs.un.org/en/S/RES/2520(2020)?direct=true
S/RES/2520,2520,2020,Mission Mandate,Somalia,2520.txt,extracted text,19,19,0.98,OK,,,"Reaffirms the importance of AMISOM's zero-tolerance policy on Sexual Exploitation and Abuse...requests the AU and troop- and police-contributing countries to screen personnel, undertake risk assessments, deliver all relevant training to personnel, to protect and support the relief and recovery of survivors who report abuse...",https://docs.un.org/en/S/RES/2520(2020),https://docs.un.org/en/S/RES/2520(2020)?direct=true
S/RES/2520,2520,2020,Mission Mandate,Somalia,2520.txt,extracted text,20,20,0.93,OK,,,"Strongly encourages efforts to increase the percentage of female uniformed personnel deployed to AMISOM...and urges AMISOM to ensure the full, effective and meaningful participation of women across its operations and to integrate a gender perspective throughout the delivery of its mandate",https://docs.un.org/en/S/RES/2520(2020),https://docs.un.org/en/S/RES/2520(2020)?direct=true
S/RES/2520,2520,2020,Mission Mandate,Somalia,2520.txt,extracted text,31,31,0.95,OK,,,"Reaffirms the important role of the full, equal, meaningful and effective participation of all Somalis, including women, youth, persons with disabilities, Internally Displaced Persons (IDPs) and refugees in the prevention and resolution of conflicts, reconciliation processes, peacebuilding and elections...",https://docs.un.org/en/S/RES/2520(2020),https://docs.un.org/en/S/RES/2520(2020)?direct=true
S/RES/2520,2520,2020,Mission Mandate,Somalia,2520.txt,extracted text,32,32,0.95,OK,,,"Calls on Somali authorities to work with relevant partners to ensure protection for all from sexual and gender-based violence, including sexual exploitation and abuse and conflict-related sexual violence, to take appropriate steps to investigate allegations, strengthen legislation to support accountability...",https://docs.un.org/en/S/RES/2520(2020),https://docs.un.org/en/S/RES/2520(2020)?direct=true
S/RES/2520,2520,2020,Mission Mandate,Somalia,2520.txt,extracted text,33,33,1,OK,,,"Calls on the Somali authorities to take action to prevent the killing, maiming and abduction of children, the recruitment and re-recruitment...and the use of sexual violence against children in armed conflict, and to hold those responsible to account...",https://docs.un.org/en/S/RES/2520(2020),https://docs.un.org/en/S/RES/2520(2020)?direct=true
S/RES/2521,2521,2020,Sanctions,South Sudan,SRES2521_2020_South_Sudan.pdf,PDF,15(e),15,1,OK,,,"Planning, directing, or committing acts involving sexual and gender-based violence in South Sudan",https://docs.un.org/en/S/RES/2521(2020),https://docs.un.org/en/S/RES/2521(2020)?direct=true
S/RES/2542,2542,2020,Mission Mandate,Libya,2542.txt,extracted text,1(ix),1,0.93,OK,,,"monitor and report abuses and violations of human rights and violations of international humanitarian law, including sexual violence in conflict, notably through the effective deployment of women and child protection advisers",https://docs.un.org/en/S/RES/2542(2020),https://docs.un.org/en/S/RES/2542(2020)?direct=true
S/RES/2542,2542,2020,Mission Mandate,Libya,2542.txt,extracted text,8,8,0.98,OK,,,"Requests UNSMIL to take fully into account a gender perspective throughout its mandate and to assist the GNA in ensuring the full, effective and meaningful participation and leadership of women in the democratic transition, reconciliation efforts, the security sector and in national institutions, as well as the protection of women and girls from sexual and gender-based violence including sexual violence in conflict...",https://docs.un.org/en/S/RES/2542(2020),https://docs.un.org/en/S/RES/2542(2020)?direct=true
S/RES/2556,2556,2020,Mission Mandate,DRC,2556.txt,extracted text,9,9,0.92,OK,,,"Strongly condemns sexual violence in conflict perpetrated by all parties in the DRC, welcomes efforts made by the Government of the DRC to combat and prevent sexual violence in conflict, including progress made in the fight against impunity through the arrest, prosecution and conviction of perpetrators from the FARDC and the PNC...",https://docs.un.org/en/S/RES/2556(2020),https://docs.un.org/en/S/RES/2556(2020)?direct=true
S/RES/2556,2556,2020,Mission Mandate,DRC,2556.txt,extracted text,10,10,0.98,OK,,,Encourages the Government of the DRC to implement in full its National Strategy and the Roadmap agreed during the national conference in Kinshasa from 11–13 October 2016 to evaluate the implementation of the Joint Communiqué...on the Fight Against Sexual Violence in Conflict...,https://docs.un.org/en/S/RES/2556(2020),https://docs.un.org/en/S/RES/2556(2020)?direct=true
S/RES/2556,2556,2020,Mission Mandate,DRC,2556.txt,extracted text,11,11,1,OK,,,"Welcomes the progress made by the Government of the DRC to consolidate the gains of the Action Plan to End and Prevent the Recruitment and Use of Children and expedite its implementation, including aspects of the plan related to sexual violence against children...",https://docs.un.org/en/S/RES/2556(2020),https://docs.un.org/en/S/RES/2556(2020)?direct=true
S/RES/2556,2556,2020,Mission Mandate,DRC,2556.txt,extracted text,12,12,0.82,OK,,,"Strongly condemns all armed groups operating in the DRC and their violations of international humanitarian law as well as other applicable international law, and abuses of human rights...especially those involving attacks on the civilian population...as well as widespread rape and other sexual violence...",https://docs.un.org/en/S/RES/2556(2020),https://docs.un.org/en/S/RES/2556(2020)?direct=true
S/RES/2564,2564,2021,Country-Specific,Yemen,2564.txt,extracted text,8,8,0.96,OK,,,"Affirms that sexual violence in armed conflict, or the recruitment or use of children in armed conflict in violation of international law, could constitute an act, as specified in paragraph 18 (c) of resolution 2140 (2014), and therefore a sanctionable act of engaging in or providing support for acts that threaten the peace, security or stability of Yemen...",https://docs.un.org/en/S/RES/2564(2021),https://docs.un.org/en/S/RES/2564(2021)?direct=true
S/RES/2567,2567,2021,Mission Mandate,South Sudan,2567.txt,extracted text,3(a)(i),3,1,OK,,,"To protect civilians under threat of physical violence, irrespective of the source of such violence, within its capacity and areas of deployment, with specific protection for women and children, including through the continued use of the Mission's Child Protection Advisers, Women Protection Advisers, and uniformed and civilian Gender Advisers...",https://docs.un.org/en/S/RES/2567(2021),https://docs.un.org/en/S/RES/2567(2021)?direct=true
S/RES/2567,2567,2021,Mission Mandate,South Sudan,2567.txt,extracted text,3(a)(iv),3,1,OK,,,"To deter, prevent, and respond to sexual and gender-based violence within its capacity and areas of deployment",https://docs.un.org/en/S/RES/2567(2021),https://docs.un.org/en/S/RES/2567(2021)?direct=true
S/RES/2567,2567,2021,Mission Mandate,South Sudan,2567.txt,extracted text,3(a)(vii),3,1,OK,,,"Using technical assistance and capacity building to support the GoSS to restore and reform the rule of law and justice sector, in order to strengthen protection of civilians, combat impunity, and promote accountability, including investigation and prosecution of gender-based violence and conflict-related sexual violence...",https://docs.un.org/en/S/RES/2567(2021),https://docs.un.org/en/S/RES/2567(2021)?direct=true
S/RES/2567,2567,2021,Mission Mandate,South Sudan,2567.txt,extracted text,3(a)(viii),,,NO TEXT,,,,https://docs.un.org/en/S/RES/2567(2021),https://docs.un.org/en/S/RES/2567(2021)?direct=true
S/RES/2567,2567,2021,Mission Mandate,South Sudan,2567.txt,extracted text,3(d)(ii),3,0.98,OK,,,"To monitor, investigate, verify and report specifically and publicly on violations and abuses committed against women and children, including those involving all forms of sexual and gender-based violence in armed conflict, and accelerate implementation of monitoring, analysis and reporting arrangements on conflict-related sexual violence...",https://docs.un.org/en/S/RES/2567(2021),https://docs.un.org/en/S/RES/2567(2021)?direct=true
S/RES/2584,2584,2021,Mission Mandate,Mali,2584.txt,extracted text,5,5,1,OK,,,"Calls upon the Malian authorities and all parties in Mali to ensure full, equal and meaningful participation of women in the mechanisms established by the Agreement to support and monitor its implementation, and in the Political Transition and electoral processes, as both candidates and voters, including by meeting at least the 30 per cent quota for women in all political functions and offices...",https://docs.un.org/en/S/RES/2584(2021),https://docs.un.org/en/S/RES/2584(2021)?direct=true
S/RES/2584,2584,2021,Mission Mandate,Mali,2584.txt,extracted text,9,9,0.96,OK,,,"Calls for the inclusion within national and regional strategies of programs to address the stigma of sexual and gender-based violence, bring justice to victims and survivors, and support their reintegration into their communities, and further calls for the views of the victims and survivors to be taken into account...",https://docs.un.org/en/S/RES/2584(2021),https://docs.un.org/en/S/RES/2584(2021)?direct=true
S/RES/2605,2605,2021,Mission Mandate,CAR,2605.txt,extracted text,3,3,1,OK,,,"Demands that all forms of violence against civilians, United Nations peacekeepers and humanitarian personnel, destabilising activities, incitement to hatred and violence, disinformation campaigns including through social media, restrictions on freedom of movement and obstruction of the electoral process cease immediately and that armed groups lay down their arms and permanently disband...",https://docs.un.org/en/S/RES/2605(2021),https://docs.un.org/en/S/RES/2605(2021)?direct=true
S/RES/2605,2605,2021,Mission Mandate,CAR,2605.txt,extracted text,4,4,0.96,OK,,,"Strongly condemns all violations of international humanitarian law committed in the CAR, including attacks on the civilian population, MINUSCA peacekeepers and humanitarian actors, as well as human rights abuses and gender-based violence, recalls that individuals or entities that undermine peace and stability in the CAR could be listed for targeted measures...",https://docs.un.org/en/S/RES/2605(2021),https://docs.un.org/en/S/RES/2605(2021)?direct=true
S/RES/2624,2624,2022,Country-Specific,Yemen,2624.txt,extracted text,12,12,0.98,OK,,,"Reaffirms that sexual violence in armed conflict, or violations against children in armed conflict such as the recruitment or use of children in armed conflict in violation of international law, could constitute an act, as specified in paragraph 18 (c) of resolution 2140 (2014), and therefore a sanctionable act...",https://docs.un.org/en/S/RES/2624(2022),https://docs.un.org/en/S/RES/2624(2022)?direct=true
S/RES/2626,2626,2022,Mission Mandate,Afghanistan,2626.txt,extracted text,5(e),5,1,OK,,,"engage with all stakeholders at the national and subnational levels and civil society and international non-governmental organizations in the protection and promotion of the human rights of all Afghans, monitor, report and advocate with regard to the situation for civilians, the prevention and elimination of violence, including a survivor-centred approach to preventing and responding to sexual and gender-based violence...",https://docs.un.org/en/S/RES/2626(2022),https://docs.un.org/en/S/RES/2626(2022)?direct=true
S/RES/2626,2626,2022,Mission Mandate,Afghanistan,2626.txt,extracted text,5(f),5,1,OK,,,"integrate gender mainstreaming as a cross-cutting issue throughout the implementation of its mandate, support and promote gender equality, women's and girls' empowerment and the full protection of their human rights, including education, and the full, equal, meaningful and safe participation, engagement and leadership of women in all levels and stages of decision-making...",https://docs.un.org/en/S/RES/2626(2022),https://docs.un.org/en/S/RES/2626(2022)?direct=true
S/RES/2628,2628,2022,Mission Mandate,Somalia,2628.txt,extracted text,14,14,1,OK,,,"Recalls resolutions 1612 (2005) and subsequent resolutions on Children and Armed Conflict and expresses its grave concern over reports of killing, maiming, rape and other forms of sexual violence used against children in armed conflict as well as unlawful recruitment and use, re-recruitment, including in non-combatant roles, and the abduction of children",https://docs.un.org/en/S/RES/2628(2022),https://docs.un.org/en/S/RES/2628(2022)?direct=true
S/RES/2628,2628,2022,Mission Mandate,Somalia,2628.txt,extracted text,15,15,1,OK,,,"Calls on all parties to armed conflict in Somalia to end sexual and gender-based violence and further calls on Somali authorities to work with relevant partners to: (a) ensure protection for all from sexual and gender-based violence, and conflict-related sexual violence; (b) ensure a survivor-centred and gender- and age-sensitive approach to preventing and responding to sexual and gender-based violence...",https://docs.un.org/en/S/RES/2628(2022),https://docs.un.org/en/S/RES/2628(2022)?direct=true
S/RES/2631,2631,2022,Mission Mandate,Iraq,2631.txt,extracted text,2(e),2,0.9,OK,,,"approach gender mainstreaming as a crosscutting issue throughout its mandate and to advise and assist the Government of Iraq in ensuring the full, equal and meaningful participation, involvement and representation of women at all levels of decision making, including in the context of elections and government formation, and the promotion of women's economic empowerment, by supporting the implementation of the Yazidi Female Survivors Law...",https://docs.un.org/en/S/RES/2631(2022),https://docs.un.org/en/S/RES/2631(2022)?direct=true
S/RES/2633,2633,2022,Mission Mandate,South Sudan,2633.txt,extracted text,13,13,0.95,OK,,,"Decides to keep the measures renewed in paragraph 11 under continuous review in light of progress achieved implementing all provisions of the Revitalised Agreement and developments related to human rights violations and abuses, including conflict-related sexual violence...",https://docs.un.org/en/S/RES/2633(2022),https://docs.un.org/en/S/RES/2633(2022)?direct=true
S/RES/2633,2633,2022,Mission Mandate,South Sudan,2633.txt,extracted text,19,19,1,OK,,,"Requests the Secretariat to include the necessary gender expertise on the Panel of Experts, in line with paragraph 6 of resolution 2242 (2015), and encourages the Panel to integrate gender as a cross-cutting issue across its investigations and reporting",https://docs.un.org/en/S/RES/2633(2022),https://docs.un.org/en/S/RES/2633(2022)?direct=true
S/RES/2633,2633,2022,Mission Mandate,South Sudan,2633.txt,extracted text,21,21,1,OK,,,Requests the Special Representative of the Secretary-General for Children and Armed Conflict and the Special Representative for Sexual Violence in Conflict to share relevant information with the Committee in accordance with paragraph 7 of resolution 1960 (2010)...,https://docs.un.org/en/S/RES/2633(2022),https://docs.un.org/en/S/RES/2633(2022)?direct=true
S/RES/2640,2640,2022,Mission Mandate,Mali,2640.txt,extracted text,3,3,0.98,OK,,,"Calls upon the Malian authorities and all parties in Mali to ensure full, equal and meaningful participation of women in the mechanisms established by the Agreement to support and monitor its implementation, including by increasing the meaningful representation of women in all CSA mechanisms, operationalizing the Women's Observatory and its regional branches...",https://docs.un.org/en/S/RES/2640(2022),https://docs.un.org/en/S/RES/2640(2022)?direct=true
S/RES/2640,2640,2022,Mission Mandate,Mali,2640.txt,extracted text,7,7,0.94,OK,,,"Calls for the inclusion within national and regional strategies of programs to prevent sexual and gender-based violence and address the stigma of it, bring justice to victims and survivors, and support their reintegration into their communities...",https://docs.un.org/en/S/RES/2640(2022),https://docs.un.org/en/S/RES/2640(2022)?direct=true
S/RES/2640,2640,2022,Mission Mandate,Mali,2640.txt,extracted text,12,12,1,OK,,,"Urges the Malian authorities, before the end of MINUSMA's current mandate, to agree on and effectively implement a comprehensive, inclusive, politically-focused strategy which addresses the root causes and drivers of violent conflict, protects civilians, reduces intercommunal violence...",https://docs.un.org/en/S/RES/2640(2022),https://docs.un.org/en/S/RES/2640(2022)?direct=true
S/RES/2653,2653,2022,Sanctions,Haiti,SRES2653_2022_Haiti.pdf,PDF,16(f),16,1,OK,,,"Planning, directing or committing acts involving sexual and gender-based violence, including rape and sexual slavery, in Haiti",https://docs.un.org/en/S/RES/2653(2022),https://docs.un.org/en/S/RES/2653(2022)?direct=true
S/RES/2699,2699,2023,Country-Specific,Haiti,2699.txt,extracted text,1(a),1,1,OK,,,"providing operational support to the Haitian National Police, including building its capacity through the planning and conduct of joint security support operations, as it works to counter gangs and improve security conditions in Haiti, characterized by kidnappings, sexual and gender-based violence, trafficking in persons and the smuggling of migrants and arms, homicides, extrajudicial killings...",https://docs.un.org/en/S/RES/2699(2023),https://docs.un.org/en/S/RES/2699(2023)?direct=true
S/RES/2699,2699,2023,Country-Specific,Haiti,2699.txt,extracted text,7,7,1,OK,,,"Requests Member States participating in the Multinational Security Support mission in Haiti to include dedicated expertise in anti-gang operations, community-oriented policing, children and women's protection, and preventing and responding to sexual and gender-based violence in a victim-centred manner, and to take necessary action to ensure appropriate conduct and discipline and to prevent sexual exploitation and abuse...",https://docs.un.org/en/S/RES/2699(2023),https://docs.un.org/en/S/RES/2699(2023)?direct=true
S/RES/2699,2699,2023,Country-Specific,Haiti,2699.txt,extracted text,11,11,0.96,OK,,,"Calls on the Multinational Security Support mission to establish an oversight mechanism to prevent human rights violations or abuses, in particular sexual exploitation and abuse as well as to ensure that the planning and conduct of operations during deployment will be in accordance with applicable international law",https://docs.un.org/en/S/RES/2699(2023),https://docs.un.org/en/S/RES/2699(2023)?direct=true
S/RES/2729,2729,2024,Mission Mandate,South Sudan,2729.txt,extracted text,3(a)(i),3,1,OK,,,"To use all necessary means to ensure effective, timely, and dynamic protection of civilians under threat of physical violence through a comprehensive and integrated approach, in areas of emerging or ongoing violence that require urgent attention...",https://docs.un.org/en/S/RES/2729(2024),https://docs.un.org/en/S/RES/2729(2024)?direct=true
S/RES/2729,2729,2024,Mission Mandate,South Sudan,2729.txt,extracted text,3(a)(ii),3,0.98,OK,,,"To provide specific protection for women and children, including through the continued and consistent use and deployment of UNMISS's Child Protection Advisers, Women Protection Advisers, and uniformed and civilian Gender Advisers...and to further deter, prevent, and respond to sexual and gender-based violence...",https://docs.un.org/en/S/RES/2729(2024),https://docs.un.org/en/S/RES/2729(2024)?direct=true
S/RES/2729,2729,2024,Mission Mandate,South Sudan,2729.txt,extracted text,3(a)(iv),3,0.91,OK,,,"To foster a secure environment for the safe, informed, voluntary, and dignified return, relocation, resettlement or integration into host communities for IDPs and refugees, informed by robust gender responsive conflict analysis...including through investigation and prosecution of sexual and gender-based violence and conflict-related sexual violence...",https://docs.un.org/en/S/RES/2729(2024),https://docs.un.org/en/S/RES/2729(2024)?direct=true
S/RES/2729,2729,2024,Mission Mandate,South Sudan,2729.txt,extracted text,3(c)(vi),3,0.96,OK,,,"To use technical assistance and capacity building to support the GoSS and non-governmental South Sudanese voices to strengthen, expand and reform all components of the rule of law and justice sector, in a conflict-sensitive and gender-responsive manner, including investigation and prosecution of sexual and gender-based violence, including conflict-related sexual violence...",https://docs.un.org/en/S/RES/2729(2024),https://docs.un.org/en/S/RES/2729(2024)?direct=true
S/RES/2729,2729,2024,Mission Mandate,South Sudan,2729.txt,extracted text,3(d)(i),3,0.95,OK,,,"To monitor, investigate, verify, and report immediately, publicly, and regularly on abuses and violations of human rights and violations of international humanitarian law, including against women and children and all forms of sexual and gender-based violence, including conflict related sexual violence...",https://docs.un.org/en/S/RES/2729(2024),https://docs.un.org/en/S/RES/2729(2024)?direct=true
S/RES/2729,2729,2024,Mission Mandate,South Sudan,2729.txt,extracted text,3(d)(ii),3,1,OK,,,"To accelerate implementation of monitoring, analysis and reporting arrangements on sexual and gender-based violence, including conflict-related sexual violence, including by ensuring these arrangements promote timely action to deter, prevent and respond to incidents of sexual and gender-based violence...",https://docs.un.org/en/S/RES/2729(2024),https://docs.un.org/en/S/RES/2729(2024)?direct=true
S/RES/2734,2734,2024,Sanctions,1267 (ISIL/Al-Qaeda),SRES2734_2024_1267.pdf,PDF,3,3,0.98,OK,,,"Recognizes that planning, directing or committing acts involving sexual and gender-based violence including rape, enslavement of persons, and cases of abduction and trafficking in persons may be eligible for designation set out in paragraph 2 of this resolution, when such acts are being used by ISIL, AQ and associated individuals, groups and entities as a tactic of terrorism",https://docs.un.org/en/S/RES/2734(2024),https://docs.un.org/en/S/RES/2734(2024)?direct=true
S/RES/2745,2745,2024,Sanctions,CAR,SRES2745_2024_CAR.pdf,PDF,5,5,0.99,OK,,,"Reaffirms that the measures described in paragraphs 9 and 16 of resolution 2399 (2018) shall apply to individuals and entities as designated by the Committee...including for involvement in planning, directing, sponsoring or committing acts in the CAR that undermine efforts for a return to peace and violate international humanitarian law, which include attacks against medical personnel or humanitarian personnel, as well as acts involving sexual and gender-based violence...",https://docs.un.org/en/S/RES/2745(2024),https://docs.un.org/en/S/RES/2745(2024)?direct=true
S/RES/2745,2745,2024,Sanctions,CAR,SRES2745_2024_CAR.pdf,PDF,21(b),5,0.2,NOT FOUND,CONFIRMED MISMATCH,"2745 has only 13 operative paragraphs; ¶21 does not exist. The criteria sit in ¶5, which cross-refers to paragraphs 20-22 of resolution 2399 (2018) — the inherited reference belongs to 2399","Involved in planning, directing, or committing acts in the CAR that violate international human rights law or international humanitarian law, as applicable, or that constitute human rights abuses or violations, including those involving targeting of civilians, ethnic- or religious-based attacks, attacks on civilian objects, including administrative centers, courthouses, schools and hospitals, and abduction and forced displacement",https://docs.un.org/en/S/RES/2745(2024),https://docs.un.org/en/S/RES/2745(2024)?direct=true
S/RES/2745,2745,2024,Sanctions,CAR,SRES2745_2024_CAR.pdf,PDF,21(c),5,0.8,MISMATCH,CONFIRMED MISMATCH,same: the language reaches 2745 through the cross-reference in ¶5,"Involved in planning, directing or committing acts involving sexual and gender-based violence in the CAR",https://docs.un.org/en/S/RES/2745(2024),https://docs.un.org/en/S/RES/2745(2024)?direct=true